productname,productvendor,productversion
"Spotlight On Oracle, Oracle Rac","Quest Software, Inc.",9.x
Oracle Rac Required Support Files,Oracle,10.x
Oracle Rac,Oracle,12.x
Oracle Rac,Oracle,10.x
Oracle Rac,Oracle,11.x
Oracle Rac Required Support Files-Has,Oracle,10.x
Oracle Rac Deconfiguration,Oracle,11.x
Oracle Rac Deconfiguration,Oracle,12.x
Oracle Rac Required Support Files-Has,Oracle,11.x
Oracle Rac Required Support Files-Has,Oracle,12.x
Oracle Database 10 Express,Oracle,10.x
Oracle Database 10 Std,Oracle,10.x
Oracle10G Database 10 Std,Oracle,10.x
Oracle Database 10 Cus,Oracle,10.x
Oracle Database Extensions For .Net,Oracle,10.x
Oracle Database Extensions For .Net Documentation,Oracle,10.x
Oracle.Wls.Evaluation.Database (Tl),Oracle,12.x
Oracle Database 11G Express Edition,Oracle,11.x
Oracle Database 11 Std,Oracle,11.x
Oracle Database 10G Express Edition,Oracle,10.x
Oracle Database Extensions For .Net,Oracle,11.x
Oracle-Instantclient11.2-Basic,Oracle,11.x
Oracle Database 10 Ent,Oracle,10.x
Oracle Complete Dss Starter Database,Oracle,9.x
Oracle Complete Oltp Starter Database,Oracle,9.x
Oracle Database Demos,Oracle,9.x
Oracle Database Utilities,Oracle,9.x
Oracle Starter Database,Oracle,9.x
Oracle9I Database (Tl),Oracle,9.x
Oracle11G Database 11 Ent,Oracle,11.x
Oracle Grid Management Database,Oracle,12.x
Oracle Database 11 Ent,Oracle,11.x
Oracle Database 10G 32 Bit,Oracle,10.x
Oracle Database 10G (Tl),Oracle,10.x
Oracle Database 10G,Oracle,10.x
Oracle Database 10G Products (Tl),Oracle,10.x
Oracle Database 10G Intermedia Files,Oracle,10.x
Oracle Database Demos,Oracle,10.x
Oracle Database Utilities,Oracle,10.x
Oracle Starter Database,Oracle,10.x
Oracle Database User Interface,Oracle,4.x
Oracle Database 11G (Tl),Oracle,11.x
Oracle Database 11G,Oracle,11.x
Oracle Database 11G Multimedia Files,Oracle,11.x
Oracle Database 12C (Tl),Oracle,12.x
Oracle Database 12C,Oracle,12.x
Oracle Database 12C Multimedia Files,Oracle,12.x
Oracle Database Deconfiguration,Oracle,11.x
Oracle Database Deconfiguration,Oracle,12.x
Oracle Database Gateway For Odbc,Oracle,11.x
Oracle Database Gateway For Odbc,Oracle,12.x
Oracle Database User Interface,Oracle,11.x
Oracle Database User Interface,Oracle,2.x
Oracle Database Utilities,Oracle,11.x
Oracle Database Utilities,Oracle,12.x
Oracle Database Vault Option,Oracle,11.x
Oracle Database Vault Option,Oracle,12.x
Oracle Starter Database,Oracle,11.x
Oracle Starter Database,Oracle,12.x
Microsoft Sql Server 2008 R2 Upgrade Advisor,Microsoft,10.x
Microsoft Sql Server 2008 R2 Report Builder,Microsoft,10.x
Microsoft As Ole Db Provider For Sql Server,Microsoft,13.x
Microsoft Sql Server 2012 Analysis Management Objects,Microsoft,11.x
Microsoft Sql Server 2014 Analysis Management Objects,Microsoft,12.x
Microsoft Sql Server 2016 Analysis Management Objects,Microsoft,13.x
Microsoft Sql Server Data Tools,Microsoft,14.x
Microsoft Sql Server Data Tools For Visual Studio,Microsoft,15.x
Microsoft System Clr Types For Sql Server Vnext Ctp,Microsoft,15.x
Sql Server Integration Services,Microsoft,11.x
Sql Server Integration Services,Microsoft,12.x
Sql Server Integration Services,Microsoft,13.x
Sql Server Integration Services Singleton,Microsoft,14.x
Sql Server Integration Services Singleton,Microsoft,15.x
Sql Server 2008 R2 Database Engine Services Express Edition Express Edition With Advanced Services,Microsoft,10.x
Sql Server Analysis Services 2008 R,Microsoft,20.x
Sql Server Client Tools 2008 R2 Sp,Microsoft,20.x
Sql Server Management Tools 2008 R,Microsoft,20.x
Sql Anywhere Database Server,SAP (Sybase),8.x
Sql Server Analysis Services 2008 R2 Std,Microsoft,53.x
Sql Server Command Line Query Tool,Microsoft,9.x
Sql Server Management Studio 2005 Express,Microsoft,20.x
Microsoft Network Monitor: Networkmonitor Parsers Forsqlserver,Outercurve Foundation,03.x
Sql Server Analysis Services 2012 Std,Microsoft,20.x
Sql Server Integration Services,Microsoft,0.x
Sql Server 2008 R2 Transact-Sql Language Service,Microsoft,10.x
Pi Sql For Af Server,"OSIsoft, LLC.",2.x
Sql Server Reporting Services 2008 R2 Std,Microsoft,53.x
Sql Server Management Studio,Microsoft,17.x
Sql Server 2016 Express,Microsoft,40.x
Sql Server Data Tools,Microsoft,11.x
Sql Server Data Tools Build Utilities,Microsoft,11.x
Active Directory Authentication Library For Sql Server (X86),Microsoft,13.x
Microsoft Sql Server 2016 Management Objects,Microsoft,13.x
Microsoft Command Line Utilities 15 For Sql Server,Microsoft,15.x
Microsoft System Clr Types For Sql Server 2019 Ctp,Microsoft,15.x
Sql Server 2014 Express Localdb,Microsoft,20.x
Sql Server Analysis Services 2008 R2 Ent,Microsoft,20.x
Sql Server 2014 Database Engine Services Developer Edition,Microsoft,12.x
Kerberos Configuration Manager For Sql Server,Microsoft,2.x
Sql Server 2008 R2 Database Engine Services Express Edition Express Edition,Microsoft,10.x
Microsoft Sql Server 2008 Analysis Services Adomd.Net,Microsoft,10.x
Microsoft Sql Server Data Tools - Enu (),Microsoft,14.x
Sql Server 2005 Analysis Services Adomd.Net,Microsoft,9.x
Microsoft As Ole Db Provider For Sql Server,Microsoft,11.x
Microsoft Sql Server 2005 Analysis Services 9.0 Oledb Provider,Microsoft,9.x
Microsoft Sql Server 2008 Analysis Services 10.0 Oledb Provider,Microsoft,10.x
Microsoft Sql Server 2012 Adomd.Net,Microsoft,11.x
Sql Server,Microsoft,20.x
Sql Server Data Tools,Microsoft,14.x
Sql Server Management Objects,Microsoft,2016.x
Microsoft As Ole Db Provider For Sql Server,Microsoft,12.x
Microsoft Sql Server 2014 T-Sql Language Service,Microsoft,12.x
Microsoft Sql Server Data-Tier Application Framework,Microsoft,12.x
Microsoft Sql Server Migration Assistant For Oracle Extension Pack,Microsoft,6.x
Sql Server 2014 Analysis Services,Microsoft,12.x
Sql Server 2014 Analysis Services Standard Edition,Microsoft,12.x
Sql Server 2014 Data Tools,Microsoft,12.x
Sql Server 2014 Data Quality Client,Microsoft,12.x
Sql Server 2014 Data Quality Service,Microsoft,12.x
Sql Server 2014 Distributed Replay,Microsoft,12.x
Sql Server 2014 Documentation Components,Microsoft,12.x
Sql Server 2014 Integration Services,Microsoft,12.x
Sql Server 2014 Reporting Services,Microsoft,12.x
Sql Server 2014 Reporting Services Standard Edition,Microsoft,12.x
Sql Server 2014 Sql Data Quality Common,Microsoft,12.x
Sql Server 2012 Express Localdb,Microsoft,20.x
Sql Server Data Tools,Microsoft,12.x
Sql Server Data Tools Build Utilities,Microsoft,12.x
Sql Server Upgrade Advisor,Microsoft,2014.x
Sql Server Reporting Services 2012 Ent,Microsoft,20.x
Kerberos Configuration Manager For Sql Server,Microsoft,3.x
Microsoft Sql Server Management Studio -,Microsoft,13.x
Microsoft Sql Server System Clr Types,Microsoft,13.x
Sql Server Management Studio,Microsoft,2016.x
Sql Server Management Studio For Analysis Services,Microsoft,20.x
Sql Server Management Studio For Analysis Services,Microsoft,2016.x
Sql Server Management Studio For Reporting Services,Microsoft,20.x
Sql Server Xevent,Microsoft,20.x
Microsoft Sql Server System Clr Types,Microsoft,15.x
Sql Server Batch Parser,Microsoft,20.x
Sql Server Client Tools Extensions,Microsoft,20.x
Sql Server Connection Info,Microsoft,20.x
Sql Server Dmf,Microsoft,20.x
Sql Server Data-Tier Application Framework,Microsoft,14.x
Sql Server Integration Services Scale Out Management Portal,Microsoft,20.x
Sql Server Management Studio Extensions,Microsoft,20.x
Sql Server Policies,Microsoft,20.x
Sql Server Sql Diagnostics,Microsoft,20.x
Sql Server Shared Management Objects,Microsoft,20.x
Sql Server Shared Management Objects Extensions,Microsoft,20.x
Microsoft Sql Server 2008 Reporting Services Enterprise Edition,Microsoft,10.x
Microsoft Sql Server 2016 Localdb,Microsoft,13.x
Microsoft Sql Server 2016 Rs Addin For Sharepoint,Microsoft,13.x
Microsoft Sql Server 2016 Report Builder,Microsoft,15.x
Sql Server 2016 Data Quality Client,Microsoft,13.x
Sql Server 2016 Data Quality Service,Microsoft,13.x
Sql Server 2016 Database Engine Services Developer Edition,Microsoft,13.x
Sql Server 2016 Database Engine Services Express Edition Express Edition,Microsoft,13.x
Sql Server 2016 Distributed Replay,Microsoft,13.x
Sql Server 2016 Documentation Components,Microsoft,13.x
Sql Server 2016 Master Data Services,Microsoft,13.x
Sql Server 2016 Rs_Sharepoint_Sharedservice,Microsoft,13.x
Sql Server 2016 Reporting Services,Microsoft,13.x
Sql Server 2016 Reporting Services Developer Edition,Microsoft,13.x
Sql Server 2016 Reporting Services Express Edition Express Edition,Microsoft,13.x
Sql Server 2016 Sql Data Quality Common,Microsoft,13.x
Microsoft Sql Server Management Studio -,Microsoft,14.x
Microsoft Sql Server,Microsoft,8.x
Microsoft Sql Server 2005 Express Edition (Sqlexpress) Express Edition,Microsoft,9.x
Microsoft Sql Server Desktop Engine ( Storagex ),Microsoft,8.x
Microsoft Command Line Utilities 11 For Sql Server,Microsoft,11.x
Sql Server 2008 R2 Analysis Services Standard Edition,Microsoft,10.x
Sql Server 2012 Bi,Microsoft,20.x
Sql Server Reporting Services 2012 Std,Microsoft,20.x
Sql Server Reporting Services 2008 R2 Ent,Microsoft,20.x
Microsoft Sql Server 2005 (Dofa) Standard Edition,Microsoft,9.x
Toad For Sql Server,Dell (Quest Software),5.x
Microsoft Sql Server 2005 (Doa5) Standard Edition,Microsoft,9.x
Sql Server 2008 Ent,Microsoft,20.x
Sql Server Analysis Services 2008 Ent,Microsoft,20.x
Sql Server Browser,Microsoft,4.x
Sql Server Full Text Search,Microsoft,10.x
Microsoft Sql Server,Microsoft,9.x
Microsoft Sql Server 2005 Analysis Services,Microsoft,9.x
Microsoft Sql Server 2008 Upgrade Advisor,Microsoft,10.x
Rml Utilities For Sql Server (X64),Microsoft,09.x
Microsoft Sql Server 2005 (64-Bit),Microsoft,(64.x
Microsoft Sql Server 2005 (64-Bit) (Sql2005Gwo) Enterprise Edition (64-Bit),Microsoft,9.x
Microsoft Sql Server 2005 Integration Services (64-Bit),Microsoft,9.x
Microsoft Sql Server 2005 Reporting Services (64-Bit) Enterprise Edition (64-Bit),Microsoft,9.x
Microsoft Sql Server 2005 Tools (64-Bit),Microsoft,9.x
Sql Server Bi Development Studio 2008 R,Microsoft,53.x
Sql Server Integration Services 2008 R,Microsoft,53.x
Microsoft Sql Server 2014 Upgrade Advisor,Microsoft,12.x
Microsoft Sql Server Management Studio -,Microsoft,15.x
Sql Server Management Studio,Microsoft,15.x
Sql Server Management Studio For Analysis Services,Microsoft,15.x
Sql Server Management Studio For Reporting Services,Microsoft,15.x
Active Directory Authentication Library For Sql Server,Microsoft,15.x
Sql Server Management Studio,Microsoft,0.x
Sql Server Management Studio For Analysis Services,Microsoft,2017.x
Sql Server Management Studio For Reporting Services,Microsoft,2017.x
Sql Server Reporting Services 2008 R2 Ent,Microsoft,53.x
Microsoft Sql Server Migration Assistant For Oracle,Microsoft,7.x
Sql Server Bi Development Studio,Microsoft,4.x
Microsoft Sql Server Migration Assistant For Oracle,Microsoft,6.x
Sql Server Service Broker External Activator,Microsoft,10.x
Microsoft Sql Server Vss Writer,Microsoft,3.x
Sql Server Client Tools,Microsoft,3.x
Sql Server Common Files,Microsoft,3.x
Sql Server Management Studio,Microsoft,3.x
Microsoft Sql Server 2008 R2 Data-Tier Application Framework,Microsoft,10.x
Microsoft Sql Server 2008 R2 Data-Tier Application Project,Microsoft,10.x
Microsoft Sql Server 2008 R2 Transact-Sql Language Service,Microsoft,10.x
Microsoft Sql Server Data Tools - Enu (),Microsoft,12.x
Microsoft Sql Server Data Tools Build Utilities - Enu (),Microsoft,12.x
Microsoft Sql Server Database Publishing Wizard,Microsoft,10.x
Sql Server 2012 Data Quality Client,Microsoft,11.x
Sql Server 2012 Data Quality Service,Microsoft,11.x
Sql Server 2012 Distributed Replay,Microsoft,11.x
Sql Server 2012 Rs_Sharepoint_Sharedservice,Microsoft,11.x
Sql Server Analysis Services 2012 Ent,Microsoft,20.x
Microsoft Sql Server 2008 Analysis Services,Microsoft,10.x
Microsoft Sql Server 2008 Analysis Services Enterprise Edition,Microsoft,10.x
Active Directory Authentication Library For Sql Server,Microsoft,14.x
Browser For Sql Server,Microsoft,13.x
Microsoft Sql Server 2016 (64-Bit),Microsoft,(64.x
Microsoft Sql Server 2017 Policies,Microsoft,14.x
Microsoft Sql Server 2017 T-Sql Language Service,Microsoft,14.x
Microsoft Sql Server Data-Tier Application Framework (X86),Microsoft,14.x
Microsoft System Clr Types For Sql Server,Microsoft,14.x
Microsoft Vss Writer For Sql Server,Microsoft,13.x
Sql Server 2016 Database Engine Services,Microsoft,13.x
Sql Server 2016 Database Engine Services Standard Edition,Microsoft,13.x
Sql Server 2016 Database Engine Shared,Microsoft,13.x
Sql Server 2016 Full Text Search,Microsoft,13.x
Sql Server 2017 Batch Parser,Microsoft,14.x
Sql Server 2017 Client Tools Extensions,Microsoft,14.x
Sql Server 2017 Common Files,Microsoft,14.x
Sql Server 2017 Connection Info,Microsoft,14.x
Sql Server 2017 Dmf,Microsoft,14.x
Sql Server 2017 Integration Services Scale Out Management Portal,Microsoft,14.x
Sql Server 2017 Management Studio Extensions,Microsoft,14.x
Sql Server 2017 Sql Diagnostics,Microsoft,14.x
Sql Server 2017 Shared Management Objects,Microsoft,14.x
Sql Server 2017 Shared Management Objects Extensions,Microsoft,14.x
Sql Server Management Studio,Microsoft,14.x
Sql Server Management Studio For Analysis Services,Microsoft,14.x
Sql Server Management Studio For Reporting Services,Microsoft,14.x
Sql Server 2012 Analysis Services,Microsoft,11.x
Sql Server 2012 Analysis Services Enterprise Edition: Core-Based Licensing,Microsoft,11.x
Sql Server 2012 Data Tools,Microsoft,11.x
Sql Server 2012 Master Data Services,Microsoft,11.x
Sql Server 2012 Ssis 64Bit For Ssdtbi Vs,Microsoft,11.x
Sql Server 2012 Std,Microsoft,20.x
Browser For Sql Server,Microsoft,3.x
Microsoft Vss Writer For Sql Server,Microsoft,3.x
Sql Server 2014 Std,Microsoft,20.x
Sql Server Full Text Search,Microsoft,20.x
Sql Server Analysis Services Ole Db Provider 2008 R,Microsoft,50.x
Sql Server 2008 R2 Analysis Services Ole Db Provider,Microsoft,10.x
Microsoft Sql Server 2008 Database Engine Services Express Edition Express Edition With Advanced Services,Microsoft,10.x
Microsoft Sql Server 2008 Reporting Services,Microsoft,10.x
Microsoft Sql Server 2008 Reporting Services Express Edition Express Edition With Advanced Services,Microsoft,10.x
Microsoft Sql Server 2008 Setup Support Files (English),Microsoft,10.x
Netiq Appmanager For Sql Server,"NetIQ Corporation, Inc.",
Sql Server 2008 R2 Full Text Search,Microsoft,10.x
Sql Server 2008 R2 Reporting Services Standard Edition,Microsoft,10.x
Microsoft Sql Server Management Studio Express,Microsoft,9.x
Sql Server Compact,Microsoft,4.x
Microsoft Sql Server,Microsoft,(64.x
Microsoft Sql Server 2005 Express Edition (Sqlexpress),Microsoft,9.x
Sql Server 2014 Ent,Microsoft,20.x
Sql Server 2008 R2 Express,Microsoft,20.x
Microsoft Sql Server 2008 Report Builder,Microsoft,10.x
Microsoft Sql Server 2008 Command Line Utilities,Microsoft,10.x
Microsoft Sql Server 2005 Analysis Services Adomd.Net,Microsoft,9.x
Pi Sql For Server,OSIsoft,2.x
Sql Server Dts Designer Components,Microsoft,20.x
Sql Server 2008 R2 Database Engine Services,Microsoft,10.x
Sql Server 2008 R2 Database Engine Services Standard Edition,Microsoft,10.x
Sql Server 2008 R2 Database Engine Shared,Microsoft,10.x
Actian Psql V12 Server Engine,Actian Corporation,12.x
Sql Server Client Tools,Microsoft,2014.x
Sql Server Compact Query Tools,Microsoft,3.x
Sql Server Management Studio,Microsoft,2014.x
Microsoft Sql Server Vss Writer 2008 R,Microsoft,20.x
Sql Server Analysis Services 2008 R2 Std,Microsoft,20.x
Sql Server Common Files 2008 R,Microsoft,20.x
Sql Server Integration Services 2008 R,Microsoft,20.x
Sql Server Reporting Services 2008 R2 Std,Microsoft,20.x
Microsoft Sql Server Migration Assistant For Oracle,Microsoft,1.x
Sql Server 2008 R2 Analysis Services,Microsoft,10.x
Sql Server 2008 R2 Analysis Services Enterprise Edition,Microsoft,10.x
Sql Server Data-Tier Application Framework,Microsoft,13.x
Sql Server 2008 Express,Microsoft,20.x
Microsoft Sql Server 2012 Command Line Utilities,Microsoft,11.x
Microsoft Sql Server 2012 Express Localdb,Microsoft,11.x
Microsoft Sql Server Data Tools - Enu (),Microsoft,11.x
Microsoft Sql Server Data Tools Build Utilities - Enu (),Microsoft,11.x
Sql Server 2008 R2 Client Tools,Microsoft,10.x
Sql Server 2008 R2 Reporting Services Enterprise Edition,Microsoft,10.x
Microsoft Sql Server Database Publishing Wizard,Microsoft,1.x
Sql Server 2008 R2 Data-Tier Application Project,Microsoft,10.x
Sql Server Data-Tier Application Framework 2008 R,Microsoft,20.x
Sql Server Management Objects 2008 R,Microsoft,20.x
Sql Server Transact-Sql 2008 R,Microsoft,20.x
Visual Studio Tools For Sql Server Compact,Microsoft,3.x
Microsoft Sql Server Compact 3.5 Enu,Microsoft,3.x
Pi Sql Data Access Server,"OSIsoft, Inc.",1.x
Active Directory Authentication Library For Sql Server,Microsoft,13.x
Generador De Informes 3.0 De Microsoft Sql Server 2008 R,Microsoft,10.x
Microsoft Report Viewer For Sql Server,Microsoft,13.x
Microsoft Sql Server 2016 Policies,Microsoft,13.x
Microsoft Sql Server 2016 Setup (English),Microsoft,13.x
Microsoft Sql Server 2016 T-Sql Language Service,Microsoft,13.x
Microsoft Sql Server 2016 T-Sql Scriptdom,Microsoft,13.x
Microsoft Sql Server Data-Tier Application Framework (X86),Microsoft,13.x
Microsoft Sql Server Management Studio - July,Microsoft,13.x
Microsoft System Clr Types For Sql Server,Microsoft,13.x
Sql Server 2016 Batch Parser,Microsoft,13.x
Sql Server 2016 Client Tools,Microsoft,13.x
Sql Server 2016 Client Tools Extensions,Microsoft,13.x
Sql Server 2016 Common Files,Microsoft,13.x
Sql Server 2016 Connection Info,Microsoft,13.x
Sql Server 2016 Dmf,Microsoft,13.x
Sql Server 2016 Management Studio,Microsoft,13.x
Sql Server 2016 Management Studio Extensions,Microsoft,13.x
Sql Server 2016 Management Studio For Analysis Services,Microsoft,13.x
Sql Server 2016 Management Studio For Analysis Services Localization,Microsoft,13.x
Sql Server 2016 Management Studio For Reporting Services,Microsoft,13.x
Sql Server 2016 Management Studio For Reporting Services Localization,Microsoft,13.x
Sql Server 2016 Sql Diagnostics,Microsoft,13.x
Sql Server 2016 Shared Management Objects,Microsoft,13.x
Sql Server 2016 Shared Management Objects Extensions,Microsoft,13.x
Sql Server 2016 Xevent,Microsoft,13.x
Sql Server 2012 Express,Microsoft,20.x
Sql Server 2012 Documentation Components,Microsoft,11.x
Sql Server 2012 Reporting Services Standard Edition,Microsoft,11.x
Sql Server 2008 R2 Data-Tier Application Framework,Microsoft,10.x
Sql Server Browser,Microsoft,20.x
Sql Server Upgrade Advisor,Microsoft,20.x
Sql Anywhere Server,SAP (Sybase),5.x
Sql Server 2005 Express,Microsoft,20.x
Sql Server Backward Compatibility,Microsoft,8.x
Sql Server Integration Services,Microsoft,20.x
Sql Server Reporting Services 2005 Std,Microsoft,20.x
Sql Server Tools,Microsoft,20.x
Microsoft Sql Server 2005 (Payroll) Standard Edition,Microsoft,9.x
Microsoft Sql Server 2005 (Sundb) Standard Edition,Microsoft,9.x
Microsoft Sql Server 2005 Analysis Services Standard Edition,Microsoft,9.x
Microsoft Sql Server 2005 Books Online (English),Microsoft,9.x
Microsoft Sql Server 2005 Integration Services,Microsoft,9.x
Microsoft Sql Server 2005 Notification Services,Microsoft,9.x
Microsoft Sql Server 2005 Reporting Services Standard Edition,Microsoft,9.x
Microsoft Sql Server 2005 Samples,Microsoft,9.x
Microsoft Sql Server 2005 Standard Edition,Microsoft,9.x
Microsoft Sql Server 2005 Tools,Microsoft,9.x
Microsoft Sql Server Native Client,Microsoft,9.x
Microsoft Sql Server Setup Support Files (English),Microsoft,9.x
Microsoft Sql Server Vss Writer,Microsoft,9.x
Microsoft Sql Server 2008 Bi Development Studio,Microsoft,10.x
Microsoft Sql Server 2008 Books Online (English),Microsoft,10.x
Microsoft Sql Server 2008 Database Engine Services Standard Edition,Microsoft,10.x
Microsoft Sql Server 2008 Full Text Search,Microsoft,10.x
Microsoft Sql Server 2008 Integration Services,Microsoft,10.x
Sql Server 2008 R2 Std,Microsoft,20.x
Microsoft Sql Server 2008 R2 Books Online,Microsoft,10.x
Microsoft Sql Server 2012 Performance Dashboard Reports,Microsoft,11.x
Microsoft Sql Server 2008 R2 Adomd.Net,Microsoft,10.x
Sql Server 2000 Dts Designer Components,Microsoft,9.x
Microsoft Sql Server 2008 R2 Command Line Utilities,Microsoft,10.x
Microsoft Sql Server Migration Assistant For Oracle Extension Pack,Microsoft,1.x
Microsoft Sql Server 2012 Upgrade Advisor,Microsoft,11.x
Sql Server 2012 Reporting Services,Microsoft,11.x
Sql Server 2012 Reporting Services Enterprise Edition: Core-Based Licensing,Microsoft,11.x
Sql Server 2008 R2 Ent,Microsoft,53.x
Sql Server Management Studio 2008 R,Microsoft,53.x
Microsoft Sql Server 2012 Data-Tier App Framework,Microsoft,11.x
Microsoft Sql Server 2012 T-Sql Language Service,Microsoft,11.x
Sql Server 2008 R2 Integration Services,Microsoft,10.x
Sql Server 2012 Bi Development Studio,Microsoft,11.x
Sql Server 2012 Integration Services,Microsoft,11.x
Sql Server 2012 Sql Data Quality Common,Microsoft,11.x
Sql Server 2012 Database Engine Services Enterprise Edition: Core-Based Licensing,Microsoft,11.x
Browser For Sql Server,Microsoft,4.x
Microsoft Sql Server Vss Writer,Microsoft,4.x
Sql Server 2012 Transact-Sql Language Service,Microsoft,11.x
Sql Server Client Tools,Microsoft,4.x
Sql Server Common Files,Microsoft,4.x
Sql Server Data Quality Client,Microsoft,20.x
Sql Server Data Quality Service,Microsoft,20.x
Sql Server Data Quality Service,Microsoft,4.x
Sql Server Distributed Replay,Microsoft,4.x
Sql Server Documentation Components,Microsoft,20.x
Sql Server Management Studio,Microsoft,4.x
Sql Server Master Data Services,Microsoft,20.x
Sql Server Rs Sharepoint Shared Service,Microsoft,11.x
Sql Server Sql Data Quality Common,Microsoft,20.x
Microsoft Sql Server 2012 Policies,Microsoft,11.x
Microsoft Sql Server 2012 Transact-Sql Compiler Service,Microsoft,11.x
Sql Server 2012 Client Tools,Microsoft,11.x
Sql Server 2012 Database Engine Services Standard Edition,Microsoft,11.x
Sql Server 2012 Full Text Search,Microsoft,11.x
Sql Server 2012 Management Studio,Microsoft,11.x
Sql Server 2014 Database Engine Services Standard Edition,Microsoft,12.x
Sql Server 2014 Full Text Search,Microsoft,12.x
Microsoft Sql Server 2017 Localdb,Microsoft,14.x
Microsoft Sql Server 2017 Setup (English),Microsoft,14.x
Sql Server 2008 R2 Ent,Microsoft,20.x
Sql Server Books Online,Microsoft,20.x
Sql Server Browser 2008 R,Microsoft,20.x
Sql Server Client Tools 2008 R,Microsoft,20.x
Microsoft Sql Server 2008 R,Microsoft,
Microsoft Sql Server 2008 Client Tools,Microsoft,10.x
Microsoft Sql Server 2008 Database Engine Services Enterprise Edition,Microsoft,10.x
Microsoft Sql Server 2008 Management Studio,Microsoft,10.x
Microsoft Sql Server 2008 Policies,Microsoft,10.x
Sql Server System Clr Types,Microsoft,10.x
Microsoft Sql Server 2014 Express Localdb,Microsoft,12.x
Microsoft Sql Server,Microsoft,
Sql Server 2008 R2 Reporting Services,Microsoft,10.x
Microsoft Sql Server 2008 Management Objects,Microsoft,10.x
Sql Server 2008 R2 Bi Development Studio,Microsoft,10.x
Sql Server 2008 R2 Common Files,Microsoft,10.x
Sql Server 2008 R2 Management Studio,Microsoft,10.x
Sql Server 2008 Management Objects,Microsoft,10.x
Sql Server Bi Development Studio 2008 R,Microsoft,20.x
Sql Server Bi Development Studio,Microsoft,20.x
Sql Server Common Files 2008 R2 Sp,Microsoft,20.x
Sql Server Compact,Microsoft,3.x
Sql Server Management Studio 2008 R,Microsoft,20.x
Sql Server Native Client 2008 R,Microsoft,20.x
Microsoft Sql Server 2008 R2 Management Objects,Microsoft,10.x
Microsoft Sql Server 2014 Policies,Microsoft,12.x
Microsoft Sql Server 2014 Transact-Sql Compiler Service,Microsoft,12.x
Sql Server 2014 Client Tools,Microsoft,12.x
Sql Server 2014 Management Studio,Microsoft,12.x
Sql Server Native Client,Microsoft,20.x
Microsoft Sql Server Vss Writer,Microsoft,20.x
Sql Server 2012 Ent,Microsoft,20.x
Sql Server Database Engine Shared,Microsoft,2012.x
Sql Server Management Objects,Microsoft,20.x
Sql Server Management Studio,Microsoft,20.x
Microsoft Sql Server 2012 (64-Bit),Microsoft,(64.x
Microsoft Sql Server 2012 Setup (English),Microsoft,11.x
Microsoft Vss Writer For Sql Server,Microsoft,11.x
Sql Server 2012 Common Files,Microsoft,11.x
Sql Server 2012 Database Engine Services,Microsoft,11.x
Sql Server 2012 Database Engine Services Express Edition Express Edition,Microsoft,11.x
Sql Server 2012 Database Engine Shared,Microsoft,11.x
Sql Server Browser For Sql Server,Microsoft,11.x
Microsoft Sql Server 2008 R2 (64-Bit),Microsoft,(64.x
Microsoft Sql Server 2008 R2 Policies,Microsoft,10.x
Microsoft Sql Server 2008 R2 Setup (English),Microsoft,10.x
Microsoft Sql Server Browser,Microsoft,10.x
Microsoft Sql Server System Clr Types,Microsoft,10.x
Microsoft Sql Server 2005 Backward Compatibility,Microsoft,8.x
Microsoft Sql Server 2008 (64-Bit),Microsoft,(64.x
Microsoft Sql Server 2008 Browser,Microsoft,10.x
Microsoft Sql Server 2008 Common Files,Microsoft,10.x
Microsoft Sql Server 2008 Database Engine Services,Microsoft,10.x
Microsoft Sql Server 2008 Database Engine Services Express Edition Express Edition,Microsoft,10.x
Microsoft Sql Server 2008 Database Engine Shared,Microsoft,10.x
Microsoft Sql Server 2008 Native Client,Microsoft,10.x
Microsoft Sql Server Vss Writer,Microsoft,10.x
Sql Server 2000 Std,Microsoft,20.x
Sql Server Client Tools,Microsoft,20.x
Browser For Sql Server,Microsoft,20.x
Microsoft Sql Server System Clr Types,Microsoft,11.x
Microsoft Sql Server System Clr Types,Microsoft,12.x
Microsoft Vss Writer For Sql Server,Microsoft,20.x
Sql Server 2014 Express,Microsoft,20.x
Sql Server Common Files,Microsoft,20.x
Sql Server Management Objects,Microsoft,11.x
Sql Server Management Objects,Microsoft,2014.x
Sql Server Native Client,Microsoft,4.x
Microsoft Sql Server 2008 Setup Support Files,Microsoft,10.x
Microsoft Sql Server 2012 Management Objects,Microsoft,11.x
Microsoft Sql Server 2012 Native Client,Microsoft,11.x
Microsoft Sql Server 2012 Transact-Sql Scriptdom,Microsoft,11.x
Microsoft Sql Server 2014 (64-Bit),Microsoft,(64.x
Microsoft Sql Server 2014 Management Objects,Microsoft,12.x
Microsoft Sql Server 2014 Setup (English),Microsoft,12.x
Microsoft Sql Server 2014 Transact-Sql Scriptdom,Microsoft,12.x
Microsoft System Clr Types For Sql Server,Microsoft,11.x
Microsoft System Clr Types For Sql Server,Microsoft,12.x
Microsoft Vss Writer For Sql Server,Microsoft,12.x
Sql Server 2014 Common Files,Microsoft,12.x
Sql Server 2014 Database Engine Services,Microsoft,12.x
Sql Server 2014 Database Engine Services Express Edition Express Edition,Microsoft,12.x
Sql Server 2014 Database Engine Shared,Microsoft,12.x
Sql Server Browser For Sql Server,Microsoft,12.x
Microsoft Sql Server 2008 R2 Native Client,Microsoft,10.x
Microsoft Sql Server Compact 4.0  Enu,Microsoft,4.x
Tools For Microsoft Sql Server,Microsoft,17.x
Sqlserver Monitoring Option,Oracle,9.x
Mysql Connector C++,Oracle,8.x
Mysql Connector/Odbc,Oracle,8.x
Mysql Router,Oracle,8.x
Mysql Server,Oracle,8.x
Mysql Shell,Oracle,8.x
Mysql Workbench 8 Community Edition,Oracle,8.x
Mysql Shell,Oracle,1.x
Mysql Connector J,Oracle,8.x
Mysql Connector Net,Oracle,8.x
Mysql Workbench 5.2 Ce,Oracle,5.x
Mysql Connector/Odbc 5.2  (Community Edition),Oracle,5.x
Mysql Utilities,Oracle,1.x
Mysql Workbench 6.0 Ce,Oracle,6.x
Mysql Connector C++,Oracle,1.x
Mysql Connector J,Oracle,5.x
Mysql Connector/C,Oracle,6.x
Mysql Examples And Samples,Oracle,5.x
Mysql Notifier,Oracle,1.x
Mysql For Visual Studio,Oracle,1.x
Mysql Workbench 6.2 Ce,Oracle,6.x
Mysql Workbench,Oracle,6.x
Mysql Documents,Oracle,5.x
Mysql Server,Oracle,5.x
Oracle.Mysqlconn (Tl),Oracle,5.x
Mysql Workbench 6.3 Ce,Oracle,6.x
Mysql Connector Net,Oracle,6.x
Mysql Connector/Odbc,Oracle,5.x
Mysql-Community-Client,Oracle,5.x
Mysql-Community-Common,Oracle,5.x
Mysql-Community-Devel,Oracle,5.x
Mysql-Community-Embedded,Oracle,5.x
Mysql-Community-Embedded-Devel,Oracle,5.x
Mysql-Community-Libs,Oracle,5.x
Mysql-Community-Libs-Compat,Oracle,5.x
Mysql-Community-Server,Oracle,5.x
Mysql Client 5 Community,Oracle,5.x
Mysql Community Libs,Oracle,5.x
Mysql Server 5 Community,Oracle,5.x
Mysql Connector Python For Python,Oracle,8.x
Mysql Python Interface 1 Os,Freeware,1.x
Mariadb-Libs,"Red Hat, Inc.",5.x
Mysql-Client,Oracle,5.x
Mysql-Devel,Oracle,5.x
Mysql-Server,Oracle,5.x
Mysql-Shared-Compat,Oracle,5.x
Php53-Mysql,"Red Hat, Inc.",5.x
Myodbc,"Red Hat, Inc.",2.x
Mysqlclient,"Red Hat, Inc.",3.x
Mysql Client 5 Os,MySQL AB,5.x
Mysql Server 5 Os,MySQL AB,5.x
Php-Mysql 5 Os,PHP Group,5.x
Rh-Php70-Php-Mysqlnd,"Red Hat, Inc.",7.x
Perl-Dbd-Mysql 4 Os,Freeware,4.x
Oracle Mysql Connector,Oracle,11.x
Mysql Server 4 Os,MySQL AB,4.x
Mysql-Libs 5 Os,Oracle,5.x
Mysql,The MySQL Group,5.x
Mysql - Mysql Database Management System (Root Component),"Sun Microsystems, Inc.",11.x
Mysql - Mysql Database Management System (Test Component),"Sun Microsystems, Inc.",11.x
Mysql - Mysql Database Management System (Usr Component),"Sun Microsystems, Inc.",11.x
Mysql-Libs,"Red Hat, Inc.",5.x
Db2 Udb 9 Express,IBM,9.x
Ibm Db2 Express Edition - Db2Copy,IBM,9.x
Ses.Db.Db2390.En,Oracle,15.x
Ses.Db.Db2390.En,Oracle,8.x
Ses.Db.Db2390.Sia,Oracle,15.x
Ses.Db.Db2390.Sia,Oracle,8.x
Ses.Db.Db2390.Sia.En,Oracle,15.x
Ses.Db.Db2390.Sia.En,Oracle,8.x
Ses.Db.Db2Udb,Oracle,15.x
Ses.Db.Db2Udb,Oracle,8.x
Ses.Db.Db2Udb.En,Oracle,15.x
Ses.Db.Db2Udb.En,Oracle,8.x
Ses.Db.Db2Udb.Sia,Oracle,15.x
Ses.Db.Db2Udb.Sia,Oracle,8.x
Ses.Db.Db2Udb.Sia.En,Oracle,15.x
Ses.Db.Db2Udb.Sia.En,Oracle,8.x
Db2 Run-Time Client,IBM,8.x
Db2 Connect Server - Trial,IBM,9.x
Db2 Data Server Client,IBM,9.x
Db2 Runtime Client,IBM,9.x
Ibm Data Server Runtime Client - Db2Copy,IBM,9.x
Db2 Server Edition - Db2Copy,IBM,10.x
Ibm Data Server Runtime Client - Db2Copy,IBM,10.x
Ibm Data Server Client - Db2Copy,IBM,9.x
Db2 Udb 10 Wkg Srv,IBM,10.x
Db2 Udb 10 Ent Srv Oem Limited Use,IBM,10.x
Db2 Udb 9 Ent Srv,IBM,9.x
Sybase Powerbuilder 11.5 Standard Runtime,Sybase Inc,11.x
Sql Server Migration Assistant For Sybase Extension Pack,Microsoft,5.x
Sybase Software Asset Management License Server And Utilities,"Sybase, Inc.",2.x
Sybase Infomaker,Sybase,12.x
Postgresql,PostgreSQL Global Development Group,10.x
Devart Dotconnect For Postgresql Professional,Devart,7.x
Vmware Postgres,"VMware, Inc.",9.x
Postgresql,PostgreSQL Global Development Group,9.x
Postgresql84-Libs,CentOS,8.x
Postgresql-Odbc,"Red Hat, Inc.",08.x
Rh-Php70-Php-Pgsql,"Red Hat, Inc.",7.x
Postgresql 8.1.3 Client Programs And Libraries,"Sun Microsystems, Inc.",11.x
Postgresql 8.1.3 Development Header Files And Libraries,"Sun Microsystems, Inc.",11.x
The Data Directories Needed To Create And Run A Postgresql 8.1.3 Server,"Sun Microsystems, Inc.",11.x
The Programs Needed To Create And Run A Postgresql 8.1.3 Server,"Sun Microsystems, Inc.",11.x
The Shared Libraries Required For Any Postgresql 8.1.3 Clients,"Sun Microsystems, Inc.",11.x
Postgresql-Contrib 8 Os,PostgreSQL Global Development Group,8.x
Postgresql 8.1.4 Client Programs And Libraries,"Sun Microsystems, Inc.",11.x
Postgresql 8.1.4 Development Header Files And Libraries,"Sun Microsystems, Inc.",11.x
The Data Directories Needed To Create And Run A Postgresql 8.1.4 Server,"Sun Microsystems, Inc.",11.x
The Programs Needed To Create And Run A Postgresql 8.1.4 Server,"Sun Microsystems, Inc.",11.x
The Shared Libraries Required For Any Postgresql 8.1.4 Clients,"Sun Microsystems, Inc.",11.x
Postgresql 8.1.11 Client Programs And Libraries,"Sun Microsystems, Inc.",11.x
Postgresql 8.1.11 Development Header Files And Libraries,"Sun Microsystems, Inc.",11.x
The Data Directories Needed To Create And Run A Postgresql 8.1.11 Server,"Sun Microsystems, Inc.",11.x
The Programs Needed To Create And Run A Postgresql 8.1.11 Server,"Sun Microsystems, Inc.",11.x
The Shared Libraries Required For Any Postgresql 8.1.11 Clients,"Sun Microsystems, Inc.",11.x
Postgresql,PostgreSQL Global Development Group,8.x
Postgresql-Libs,"Red Hat, Inc.",8.x
Japanese Localization For Postgresql,"Sun Microsystems, Inc.",11.x
"Postgresql Additional Perl, Python & Tcl Server Procedural Languages",Oracle,11.x
Postgresql Client Libraries,Oracle,11.x
Postgresql Client Tools,Oracle,11.x
Postgresql Community Contributed Tools Not Part Of Core Product,Oracle,11.x
Postgresql Database Server,Oracle,11.x
Postgresql Database Server Data Directories And Root Components,Oracle,11.x
Postgresql Development Tools And Header Files,Oracle,11.x
Postgresql Documentation And Man Pages,Oracle,11.x
The Dbi Postgresql Interface For Perl,Oracle,11.x
Tools To Upgrade From Older Postgresql Versions,Oracle,11.x
Pgadminiii Administration And Development Gui For Postgresql,Oracle,11.x
Postgresql,PostgreSQL Global Development Group,11.x
Postgresql 8 Os,PostgreSQL Global Development Group,8.x
Pgadminiii Administration And Development Gui For Postgresql 11 Os,Oracle,11.x
Postgresql-Contrib 11 Os,PostgreSQL Global Development Group,11.x
Postgresql-Libs 11 Os,PostgreSQL Global Development Group,11.x
Postgresql-Pl 11 Os,PostgreSQL Global Development Group,11.x
Postgresql-Server 11 Os,PostgreSQL Global Development Group,11.x
Postgresql-Server 8 Os,PostgreSQL Global Development Group,8.x
Postgresql-Tcl 1 Os,PostgreSQL Global Development Group,1.x
Postgresql 8.1.19 Client Programs And Libraries,"Sun Microsystems, Inc.",11.x
Postgresql 8.1.19 Development Header Files And Libraries,"Sun Microsystems, Inc.",11.x
The Data Directories Needed To Create And Run A Postgresql 8.1.19 Server,"Sun Microsystems, Inc.",11.x
The Programs Needed To Create And Run A Postgresql 8.1.19 Server,"Sun Microsystems, Inc.",11.x
The Shared Libraries Required For Any Postgresql 8.1.19 Clients,"Sun Microsystems, Inc.",11.x
A Tcl Client Library For Postgresql,"Sun Microsystems, Inc.",11.x
Contributed Source And Binaries Distributed With Postgresql,"Sun Microsystems, Inc.",11.x
Extra Documentation For Postgresql,"Sun Microsystems, Inc.",11.x
Files Needed For Java Programs To Access A Postgresql Database,"Sun Microsystems, Inc.",11.x
Postgresql 8.1.10 Client Programs And Libraries,"Sun Microsystems, Inc.",11.x
Postgresql 8.1.10 Development Header Files And Libraries,"Sun Microsystems, Inc.",11.x
"Postgresql 8.2 Additional Perl, Python & Tcl Server Procedural Languages","Sun Microsystems, Inc.",11.x
Postgresql 8.2 Client Libraries,"Sun Microsystems, Inc.",11.x
Postgresql 8.2 Client Tools,"Sun Microsystems, Inc.",11.x
Postgresql 8.2 Community Contributed Tools Not Part Of Core Product,"Sun Microsystems, Inc.",11.x
Postgresql 8.2 Database Server,"Sun Microsystems, Inc.",11.x
Postgresql 8.2 Database Server Data Directories And Root Components,"Sun Microsystems, Inc.",11.x
Postgresql 8.2 Development Tools And Header Files,"Sun Microsystems, Inc.",11.x
Postgresql 8.2 Documentation And Man Pages,"Sun Microsystems, Inc.",11.x
Tcl Binding Library For Postgresql,"Sun Microsystems, Inc.",11.x
The Pl Procedural Languages For Postgresql,"Sun Microsystems, Inc.",11.x
The Data Directories Needed To Create And Run A Postgresql 8.1.10 Server,"Sun Microsystems, Inc.",11.x
The Programs Needed To Create And Run A Postgresql 8.1.10 Server,"Sun Microsystems, Inc.",11.x
The Shared Libraries Required For Any Postgresql 8.1.10 Clients,"Sun Microsystems, Inc.",11.x
Robomongo,Paralect,0.x
Mongodb,MongoDB,2.x
Mongodb 2.6.6 2008R2Plus (64 Bit),MongoDB,2.x
Ibm Informix Client Sdk 4.10.Fc,IBM,4.x
Hp Operations Manager Spi For Informix Database,Hewlett-Packard,12.x
Ibm Sterling Connect Direct File Agent,IBM Corp.,1.x
Rabbitmq Server,"Pivotal Software, Inc.",3.x
Ibm Mq Client,IBM,9.x
Activemq,Apache Software Foundation,5.x
Ibm Mq For Solaris - U,IBM,9.x
Ibm Mq For Solaris,IBM,9.x
Tib-Rendezvous Software,Tibco,7.x
Tibco Hawk,Tibco,4.x
Tibco Rendezvous,Tibco,8.x
Tibco Tpcl,Tibco,5.x
Tibco Ems Gac Assembly Registration,Tibco,5.x
Tibco Ems Gac Assembly Registration,Tibco,6.x
Tibco Spotfire Automation Services,Tibco,4.x
Tibco Spotfire Server,Tibco,4.x
Tibco Spotfire Statistics Services 7.5 (Splus),Tibco,7.x
Tibco Spotfire,Tibco,6.x
Tibco Spotfire Analyst,Tibco,7.x
Tibco Spotfire Automation Services,Tibco,6.x
Tibco Spotfire Server,Tibco,6.x
Tibco Spotfire Server,Tibco,7.x
Tibco Spotfire Statistics Services 6.5 (Erserver),Tibco,6.x
Tibco Spotfire Statistics Services 6.5 (Splusserver),Tibco,6.x
Tibco Spotfire Statistics Services 7.5 (Terr),Tibco,7.x
Tibco Spotfire Node Manager,Tibco,7.x
Tibco Spotfire Web Player,Tibco,6.x
Tibco Spotfire Desktop,Tibco,7.x
Tibco Spotfire Statistics Services (S+ Server),Tibco,6.x
Tibco Rendezvous Gac Assembly Registration,Tibco,8.x
Tibco Nimbus Action Server,Tibco,Release 10.x
Tibco Nimbus Batch Server,Tibco,Release 10.x
Tibco Nimbus Enterprise Client,Tibco,Release 10.x
Tibco Nimbus Enterprise Server,Tibco,Release 10.x
Sun Java(Tm) System Message Queue Jaxm Client Runtime Package,"Sun Microsystems, Inc.",3.x
Sun Java(Tm) System Message Queue Jms/Soap Msg Transformer Runtime,"Sun Microsystems, Inc.",3.x
Sun One Message Queue /Usr Package,"Sun Microsystems, Inc.",3.x
Sun One Message Queue Client Runtime Package,"Sun Microsystems, Inc.",3.x
Sun One Message Queue Jaxm Client Runtime Package,"Sun Microsystems, Inc.",3.x
Sun One Message Queue Jms/Soap Msg Transformer Runtime,"Sun Microsystems, Inc.",3.x
Sun One Message Queue Jndi Fs Provider,"Sun Microsystems, Inc.",3.x
Sun One Message Queue Javadoc And Examples,"Sun Microsystems, Inc.",3.x
Sun One Message Queue Root Package,"Sun Microsystems, Inc.",3.x
Sun Java System Message Queue 3 Os,Oracle,3.x
Sun Java(Tm) System Message Queue /Usr Package,"Sun Microsystems, Inc.",3.x
Sun Java(Tm) System Message Queue Client Runtime,"Sun Microsystems, Inc.",3.x
Sun Java(Tm) System Message Queue Jaxm Client Runtime,"Sun Microsystems, Inc.",3.x
Sun Java(Tm) System Message Queue Jms/Soap Msg Transformer,"Sun Microsystems, Inc.",3.x
Sun Java(Tm) System Message Queue Jndi Fs Provider,"Sun Microsystems, Inc.",3.x
Sun Java(Tm) System Message Queue Javadoc And Examples,"Sun Microsystems, Inc.",3.x
Sun Java(Tm) System Message Queue Root Package,"Sun Microsystems, Inc.",3.x
Microsoft .Net Framework 2.0 Sdk - Enu,Microsoft,
Microsoft .Net Framework 2.0 Sdk - Enu,Microsoft,2.x
Clickonce Bootstrapper Package For Microsoft .Net Framework,Microsoft,4.x
Microsoft .Net Framework 4.8 Sdk,Microsoft,4.x
Microsoft .Net Framework 4.8 Targeting Pack (Enu),Microsoft,4.x
Microsoft .Net Framework 4.8 Targeting Pack,Microsoft,4.x
Microsoft .Net Framework Cumulative Intellisense Pack For Visual Studio (Enu),Microsoft,4.x
Microsoft .Net Framework 4.6.1 Developer Pack,Microsoft,4.x
Microsoft .Net Framework 4.6.1 Sdk,Microsoft,4.x
Microsoft .Net Framework 4.6.1 Targeting Pack (Enu),Microsoft,4.x
Microsoft .Net Framework 4.6.1 Targeting Pack,Microsoft,4.x
Microsoft .Net Framework 4.7 Developer Pack,Microsoft,4.x
Microsoft .Net Framework 4.7 Sdk,Microsoft,4.x
Microsoft .Net Framework 4.7 Targeting Pack (Enu),Microsoft,4.x
Microsoft .Net Framework 4.7 Targeting Pack,Microsoft,4.x
Microsoft .Net Framework 4.7.1 Developer Pack,Microsoft,4.x
Microsoft .Net Framework 4.7.1 Sdk,Microsoft,4.x
Microsoft .Net Framework 4.7.1 Targeting Pack (Enu),Microsoft,4.x
Microsoft .Net Framework 4.7.1 Targeting Pack,Microsoft,4.x
Clickonce Bootstrapper Package For Microsoft .Net Framework 4.7.2 On Visual Studio,Microsoft,4.x
Microsoft .Net Framework 4.6 Sdk,Microsoft,4.x
Microsoft .Net Framework 4.6 Targeting Pack (Enu),Microsoft,4.x
Microsoft .Net Framework 4.6 Targeting Pack,Microsoft,4.x
Microsoft .Net Framework 4.7.2 Developer Pack,Microsoft,4.x
Microsoft .Net Framework 4.7.2 Sdk,Microsoft,4.x
Microsoft .Net Framework 4.7.2 Targeting Pack (Enu),Microsoft,4.x
Microsoft .Net Framework 4.7.2 Targeting Pack,Microsoft,4.x
Microsoft .Net Framework 4.5.1 Rc Multi-Targeting Pack For Windows Store Apps (Enu),Microsoft,4.x
Microsoft .Net Framework 4.5.1 Rc Multi-Targeting Pack For Windows Store Apps,Microsoft,4.x
Microsoft .Net Framework 4.6.2 Developer Pack,Microsoft,4.x
Microsoft .Net Framework 4.6.2 Sdk,Microsoft,4.x
Microsoft .Net Framework 4.6.2 Targeting Pack (Enu),Microsoft,4.x
Microsoft .Net Framework 4.6.2 Targeting Pack,Microsoft,4.x
Microsoft .Net Framework 4 Client Profile,Microsoft,4.x
Microsoft .Net Framework 4 Extended,Microsoft,4.x
Microsoft .Net Framework 2.0 Sdk  - Enu,Microsoft,(64.x
Microsoft .Net Framework 2.0 Sdk  - Enu,Microsoft,2.x
Microsoft .Net Framework Targeting Pack,Microsoft,4.x
Microsoft .Net Framework Sdk,Microsoft,4.x
Microsoft .Net Framework 4.5 Sdk,Microsoft,4.x
Microsoft .Net Framework 4.5 Multi-Targeting Pack,Microsoft,4.x
Microsoft .Net Framework 4.5.1 Multi-Targeting Pack (Enu),Microsoft,4.x
Microsoft .Net Framework 4.5.1 Multi-Targeting Pack,Microsoft,4.x
Microsoft .Net Framework 4.5.1 Sdk,Microsoft,4.x
Microsoft .Net Framework 4.5.2 Multi-Targeting Pack (Enu),Microsoft,4.x
Microsoft .Net Framework 4.5.2 Multi-Targeting Pack,Microsoft,4.x
Microsoft .Net Framework Client Profile,Microsoft,4.x
Microsoft Chart Controls For Microsoft .Net Framework,Microsoft,3.x
Microsoft .Net Framework 4 Multi-Targeting Pack,Microsoft,4.x
Microsoft .Net Framework Multi-Targeting Pack,Microsoft,4.x
Microsoft .Net Framework,Microsoft,1.x
Microsoft .Net Framework,Microsoft,4.x
Tp.Sun.Jdk-1.6-Core-,SAP BusinessObjects,14.1.x
Complete Sun Jdk,Oracle,1.4.x
Openjdk,Oracle,12.0.x
Oracle.As.Customqna.Jdkqna (Tl),Oracle,12.2.x
Jrockit Jdk,Oracle,5.0.x
Java-1.6.0-Openjdk,"Red Hat, Inc.",1.6.x
Openjdk Runtime Environment,Freeware,1.7.x
Java-1.8.0-Openjdk,"Red Hat, Inc.",1.8.x
Java-1.8.0-Openjdk-Headless,"Red Hat, Inc.",1.8.x
Openjdk Runtime Environment,Freeware,1.8.x
Jrockit Jdk,Oracle,6_R28.2.x
Jdk 5.0 64-Bit Demo Programs (1.5.0_71),"Sun Microsystems, Inc.",1.5.x
Jdk 5.0 64-Bit Dev. Tools (1.5.0_71),"Sun Microsystems, Inc.",1.5.x
Jdk 5.0 64-Bit Runtime Env. (1.5.0_71),"Sun Microsystems, Inc.",1.5.x
Jdk 5.0 Demo Programs (1.5.0_71),"Sun Microsystems, Inc.",1.5.x
Jdk 5.0 Dev. Tools (1.5.0_71),"Sun Microsystems, Inc.",1.5.x
Jdk 5.0 Host Config. (1.5.0_71),"Sun Microsystems, Inc.",1.5.x
Jdk 5.0 Man Pages (1.5.0_71),"Sun Microsystems, Inc.",1.5.x
Jdk 5.0 Runtime Env. (1.5.0_71),"Sun Microsystems, Inc.",1.5.x
Jdk 5.0 64-Bit Demo Programs (1.5.0_06),"Sun Microsystems, Inc.",1.5.x
Jdk 5.0 64-Bit Dev. Tools (1.5.0_06),"Sun Microsystems, Inc.",1.5.x
Jdk 5.0 64-Bit Runtime Env. (1.5.0_06),"Sun Microsystems, Inc.",1.5.x
Jdk 5.0 Demo Programs (1.5.0_06),"Sun Microsystems, Inc.",1.5.x
Jdk 5.0 Dev. Tools (1.5.0_06),"Sun Microsystems, Inc.",1.5.x
Jdk 5.0 Host Config. (1.5.0_06),"Sun Microsystems, Inc.",1.5.x
Jdk 5.0 Man Pages (1.5.0_06),"Sun Microsystems, Inc.",1.5.x
Jdk 5.0 Runtime Env. (1.5.0_06),"Sun Microsystems, Inc.",1.5.x
Jdk 1.2 Development Tools,"Sun Microsystems, Inc.",1.2.x
Jdk 1.3 Demo Programs,"Sun Microsystems, Inc.",1.3.x
Jdk 1.3 Development Tools,"Sun Microsystems, Inc.",1.3.x
Jdk 1.3 Man Pages,"Sun Microsystems, Inc.",1.3.x
Jdk 1.3 Run Time Environment,"Sun Microsystems, Inc.",1.3.x
Jdk 6.0 64-Bit Demo Programs (1.6.0_201),"Sun Microsystems, Inc.",1.6.x
Jdk 6.0 64-Bit Dev. Tools (1.6.0_201),"Sun Microsystems, Inc.",1.6.x
Jdk 6.0 64-Bit Runtime Env. (1.6.0_201),"Sun Microsystems, Inc.",1.6.x
Jdk 6.0 Demo Programs (1.6.0_201),"Sun Microsystems, Inc.",1.6.x
Jdk 6.0 Dev. Tools (1.6.0_201),"Sun Microsystems, Inc.",1.6.x
Jdk 6.0 Host Config. (1.6.0_201),"Sun Microsystems, Inc.",1.6.x
Jdk 6.0 Man Pages (1.6.0_201),"Sun Microsystems, Inc.",1.6.x
Jdk 6.0 Man Pages: Japan (1.6.0_201),"Sun Microsystems, Inc.",1.6.x
Jdk 6.0 Runtime Env. (1.6.0_201),"Sun Microsystems, Inc.",1.6.x
Jdk 7.0 Man Pages: Japan (1.7.0_231),"Sun Microsystems, Inc.",1.7.x
Jdk 1.2 Demo Programs,"Sun Microsystems, Inc.",1.2.x
Jdk 1.2 Man Pages,"Sun Microsystems, Inc.",1.2.x
Jdk 1.2 Run Time Environment (French Supplement),"Sun Microsystems, Inc.",1.2.x
Jdk 1.2 Run Time Environment (Spanish Supplement),"Sun Microsystems, Inc.",1.2.x
Jdk 1.2 Run Time Environment,"Sun Microsystems, Inc.",1.2.x
Jdk 1.4 I18N Run Time Environment,"Sun Microsystems, Inc.",1.1.x
Sun Jdk,Oracle,1.3.x
Sun Jdk Extensions,Oracle,9.2.x
Jdk 5.0 64-Bit Demo Programs (1.5.0_07),"Sun Microsystems, Inc.",1.5.x
Jdk 5.0 64-Bit Dev. Tools (1.5.0_07),"Sun Microsystems, Inc.",1.5.x
Jdk 5.0 64-Bit Runtime Env. (1.5.0_07),"Sun Microsystems, Inc.",1.5.x
Jdk 5.0 Demo Programs (1.5.0_07),"Sun Microsystems, Inc.",1.5.x
Jdk 5.0 Host Config. (1.5.0_07),"Sun Microsystems, Inc.",1.5.x
Jdk 5.0 Man Pages (1.5.0_07),"Sun Microsystems, Inc.",1.5.x
Jdk 5.0 64-Bit Demo Programs (1.5.0_81),"Sun Microsystems, Inc.",1.5.x
Jdk 5.0 64-Bit Dev. Tools (1.5.0_81),"Sun Microsystems, Inc.",1.5.x
Jdk 5.0 64-Bit Runtime Env. (1.5.0_81),"Sun Microsystems, Inc.",1.5.x
Jdk 5.0 Demo Programs (1.5.0_81),"Sun Microsystems, Inc.",1.5.x
Jdk 5.0 Host Config. (1.5.0_81),"Sun Microsystems, Inc.",1.5.x
Jdk 5.0 Man Pages (1.5.0_81),"Sun Microsystems, Inc.",1.5.x
Jdk 5.0 64-Bit Demo Programs (1.5.0_17),"Sun Microsystems, Inc.",1.5.x
Jdk 5.0 64-Bit Dev. Tools (1.5.0_17),"Sun Microsystems, Inc.",1.5.x
Jdk 5.0 64-Bit Runtime Env. (1.5.0_17),"Sun Microsystems, Inc.",1.5.x
Jdk 5.0 Demo Programs (1.5.0_17),"Sun Microsystems, Inc.",1.5.x
Jdk 5.0 Host Config. (1.5.0_17),"Sun Microsystems, Inc.",1.5.x
Jdk 5.0 Man Pages (1.5.0_17),"Sun Microsystems, Inc.",1.5.x
Sun Jdk,Oracle,1.6.x
Jdk,Oracle,1.8.x
Jdk,Oracle,1.6.x
Copy-Jdk-Configs,"Red Hat, Inc.",3.3.x
Java-1.7.0-Openjdk,"Red Hat, Inc.",1.7.x
Java-1.7.0-Openjdk-Devel,"Red Hat, Inc.",1.7.x
Openjdk 7 Os,Freeware,1.7.x
Openjdk,Freeware,1.7.x
Jdk 6.0 Man Pages: Japan (1.6.0_211),"Sun Microsystems, Inc.",1.6.x
Jdk 5.0 Man Pages: Japan (1.5.0_85),"Sun Microsystems, Inc.",1.5.x
Jdk 6.0 64-Bit Demo Programs (1.6.0_181),"Sun Microsystems, Inc.",1.6.x
Jdk 6.0 64-Bit Dev. Tools (1.6.0_181),"Sun Microsystems, Inc.",1.6.x
Jdk 6.0 64-Bit Runtime Env. (1.6.0_181),"Sun Microsystems, Inc.",1.6.x
Jdk 6.0 Demo Programs (1.6.0_181),"Sun Microsystems, Inc.",1.6.x
Jdk 6.0 Dev. Tools (1.6.0_181),"Sun Microsystems, Inc.",1.6.x
Jdk 6.0 Host Config. (1.6.0_181),"Sun Microsystems, Inc.",1.6.x
Jdk 6.0 Man Pages (1.6.0_181),"Sun Microsystems, Inc.",1.6.x
Jdk 6.0 Man Pages: Japan (1.6.0_181),"Sun Microsystems, Inc.",1.6.x
Jdk 6.0 Runtime Env. (1.6.0_181),"Sun Microsystems, Inc.",1.6.x
Jdk 5.0 64-Bit Demo Programs (1.5.0_85),"Sun Microsystems, Inc.",1.5.x
Jdk 5.0 64-Bit Dev. Tools (1.5.0_85),"Sun Microsystems, Inc.",1.5.x
Jdk 5.0 64-Bit Runtime Env. (1.5.0_85),"Sun Microsystems, Inc.",1.5.x
Jdk 5.0 Demo Programs (1.5.0_85),"Sun Microsystems, Inc.",1.5.x
Jdk 5.0 Host Config. (1.5.0_85),"Sun Microsystems, Inc.",1.5.x
Jdk 5.0 Man Pages (1.5.0_85),"Sun Microsystems, Inc.",1.5.x
Jdk 6.0 64-Bit Demo Programs (1.6.0_211),"Sun Microsystems, Inc.",1.6.x
Jdk 6.0 64-Bit Dev. Tools (1.6.0_211),"Sun Microsystems, Inc.",1.6.x
Jdk 6.0 64-Bit Runtime Env. (1.6.0_211),"Sun Microsystems, Inc.",1.6.x
Jdk 6.0 Demo Programs (1.6.0_211),"Sun Microsystems, Inc.",1.6.x
Jdk 6.0 Dev. Tools (1.6.0_211),"Sun Microsystems, Inc.",1.6.x
Jdk 6.0 Host Config. (1.6.0_211),"Sun Microsystems, Inc.",1.6.x
Jdk 6.0 Man Pages (1.6.0_211),"Sun Microsystems, Inc.",1.6.x
Jdk 6.0 Runtime Env. (1.6.0_211),"Sun Microsystems, Inc.",1.6.x
Jdk 5.0 64-Bit Demo Programs (1.5.0_32),"Sun Microsystems, Inc.",1.5.x
Jdk 5.0 64-Bit Dev. Tools (1.5.0_32),"Sun Microsystems, Inc.",1.5.x
Jdk 5.0 64-Bit Runtime Env. (1.5.0_32),"Sun Microsystems, Inc.",1.5.x
Jdk 5.0 Demo Programs (1.5.0_32),"Sun Microsystems, Inc.",1.5.x
Jdk 5.0 Dev. Tools (1.5.0_32),"Sun Microsystems, Inc.",1.5.x
Jdk 5.0 Host Config. (1.5.0_32),"Sun Microsystems, Inc.",1.5.x
Jdk 5.0 Man Pages (1.5.0_32),"Sun Microsystems, Inc.",1.5.x
Jdk 6.0 64-Bit Demo Programs (1.6.0_31),"Sun Microsystems, Inc.",1.6.x
Jdk 6.0 64-Bit Dev. Tools (1.6.0_31),"Sun Microsystems, Inc.",1.6.x
Jdk 6.0 64-Bit Runtime Env. (1.6.0_31),"Sun Microsystems, Inc.",1.6.x
Jdk 1.4 I18N Run Time Environment,"Sun Microsystems, Inc.",1.2.x
Jdk 5.0 64-Bit Demo Programs (1.5.0_12),"Sun Microsystems, Inc.",1.5.x
Jdk 5.0 64-Bit Dev. Tools (1.5.0_12),"Sun Microsystems, Inc.",1.5.x
Jdk 5.0 64-Bit Runtime Env. (1.5.0_12),"Sun Microsystems, Inc.",1.5.x
Jdk 5.0 Demo Programs (1.5.0_12),"Sun Microsystems, Inc.",1.5.x
Jdk 5.0 Dev. Tools (1.5.0_85),"Sun Microsystems, Inc.",1.5.x
Jdk 5.0 Host Config. (1.5.0_12),"Sun Microsystems, Inc.",1.5.x
Jdk 5.0 Man Pages (1.5.0_12),"Sun Microsystems, Inc.",1.5.x
Sun Jdk,Oracle,1.4.x
Sun Jdk,Oracle,1.5.x
Sun Jdk 64 Bit,Oracle,1.4.x
Sun Jdk Extensions,Oracle,10.1.x
Jdk 5.0 Runtime Env. (1.5.0_32),"Sun Microsystems, Inc.",1.5.x
Jdk 5.0 Runtime Env. (1.5.0_81),"Sun Microsystems, Inc.",1.5.x
Jdk 5.0 Runtime Env. (1.5.0_85),"Sun Microsystems, Inc.",1.5.x
Shared.Tp.Aurora.Sap.Jvm-4.0-Core-,SAP BusinessObjects,14.2.x
Shared.Tp.Aurora.Sap.Jvm.Client-4.0-Core-,SAP BusinessObjects,14.2.x
Teamserver.Boe.Integration.Sap.Jvm-4.0-Core-,SAP BusinessObjects,1.31.x
Sap Jvm,SAP,6.0.x
Sap Jvm,SAP,7.0.x
Sap Jvm,SAP,8.0.x
Shared.Tp.Aurora.Sap.Jvm.Client-4.0-Core-,SAP BusinessObjects,14.1.x
Oracle Jvm,Oracle,9.2.x
Xml Parser For Oracle Jvm,Oracle,9.2.x
Sap Jvm,SAP,4.1.x
Sap Jvm,SAP,6.1.x
Oracle Jvm,Oracle,10.2.x
Xml Parser For Oracle Jvm,Oracle,10.2.x
Oracle Jvm,Oracle,11.2.x
Oracle Jvm,Oracle,12.1.x
Oracle Jvm,Oracle,12.2.x
Oracle Jvm For Core,Oracle,12.1.x
Oracle Jvm For Core,Oracle,12.2.x
Xml Parser For Oracle Jvm,Oracle,11.2.x
Xml Parser For Oracle Jvm,Oracle,12.1.x
Xml Parser For Oracle Jvm,Oracle,12.2.x
J2Se Runtime Environment 5.0 Update,"Sun Microsystems, Inc.",1.5.x
J2Se Development Kit 5.0 Update,"Sun Microsystems, Inc.",1.5.x
Oracleas J2Ee,Oracle,10.1.x
Oracle Application Server Non J2Ee Management Files,Oracle,11.1.x
Oracleas J2Ee Jrf,Oracle,11.1.x
Oracleas J2Ee Thirdparty Jrf,Oracle,11.1.x
Oracle Database Vault J2Ee Application,Oracle,11.2.x
Oracleas J2Ee Bulkops,Oracle,11.0.x
Websphere Mq For Sun Solaris - U,IBM,7.x
Websphere Mq For Sun Solaris,IBM,7.x
Websphere Application Server Network Deployment,IBM,7.x
Websphere Portal Server,IBM,8.x
Oracle.Wls.Weblogic.Sca (Tl),Oracle,12.x
Oracle Weblogic Client,Oracle,12.x
Oracle Weblogic Server,Oracle,12.x
Oracle Weblogic Server,Oracle,10.x
Shared.Tp.Aurora.Tomcat.Webapp-4.0-Core-Nu,SAP BusinessObjects,14.x
Tomcat Container,Oracle,12.x
Tomcat,Apache Software Foundation,8.x
Tomcat,Apache Software Foundation,4.x
Tomcat,Apache Software Foundation,6.x
Tomcat Servlet Container 4 Os,Apache Software Foundation,4.x
Tomcat,Apache Software Foundation,7.x
Tomcat Servlet Container 11 Os,Apache Software Foundation,11.x
Tomcat,Apache Software Foundation,5.x
Tomcat Servlet/Jsp Container (Root),"Sun Microsystems, Inc.",11.x
Tomcat Servlet/Jsp Container,"Sun Microsystems, Inc.",11.x
Oracle.Org.Jboss.Logging.Jboss.Logging.Vfinal (Tl),Oracle,3.x
Jboss Application Server,Red Hat,7.x
Jboss Enterprise Application Platform,Red Hat,5.x
Netapp-Application-Server,"NetApp, Inc.",7.x
Jboss Application Server,Red Hat,4.x
Jboss Enterprise Application Platform,Red Hat,6.x
Zend Optimizer,Zend Technologies,3.x
Icingaweb2-Vendor-Zf,Icinga.com,2.x
Apache Directory Studio,Apache Software Foundation,2.x
Shared.Tp.Aurora.Apache.Axis2.Bundle.Boe-4.0-Core-Nu,SAP BusinessObjects,14.x
Shared.Tp.Aurora.Apache.Poi.Java.Bundle-4.0-Core-Nu,SAP BusinessObjects,14.x
Tp.Apache.Commons.Java.Bundle-3.1-Core-Nu,SAP BusinessObjects,14.x
Tp.Apache.Commons.Java.Bundle.Boe-3.1-Core-Nu,SAP BusinessObjects,14.x
Tp.Apache.Derby-10.5.3.0-Core-Nu,SAP BusinessObjects,14.x
Tp.Apache.Derby.Bpbi-10.2.2.0-Core-Nu,SAP BusinessObjects,14.x
Tp.Apache.Derby.Dswsbobje-10.2.2.0-Core-Nu,SAP BusinessObjects,14.x
Tp.Apache.Guice.Dswsbobje-1.0-Core-Nu,SAP BusinessObjects,14.x
Tp.Apache.Log4J.Bpbi-1.2.6_Sap.1-Core-Nu,SAP BusinessObjects,14.x
Tp.Apache.Log4J.Bundle.Boe-1.2.6_Sap.1-Core-Nu,SAP BusinessObjects,14.x
Tp.Apache.Log4J.Dswsbobje-1.2.6_Sap.1-Core-Nu,SAP BusinessObjects,14.x
Tp.Apache.Lucene.Java-2.3.1-Core-Nu,SAP BusinessObjects,14.x
Tp.Apache.Lucene.Java-2.4.1-Core-Nu,SAP BusinessObjects,14.x
Tp.Apache.Xalan.Java-2.7.2-Core-Nu,SAP BusinessObjects,14.x
Tp.Apache.Xalan.Java.Boe-2.7.2-Core-Nu,SAP BusinessObjects,14.x
Tp.Apache.Xalan.Java.Classes-2.7.2-Core-Nu,SAP BusinessObjects,14.x
Tp.Apache.Xerces.Java-2.11.0-Core-Nu,SAP BusinessObjects,14.x
Tp.Apache.Xerces.Java.Boe-2.11.0-Core-Nu,SAP BusinessObjects,14.x
Tp.Apache.Xerces.Java.Classes-2.11.0-Core-Nu,SAP BusinessObjects,14.x
Tp.Apache.Xerces.Java.Dswsbobje-2.11.0-Core-Nu,SAP BusinessObjects,14.x
Apache Http Server,Apache Software Foundation,1.x
Apache Configuration For Oracle Java Server Pages,Oracle,10.x
Oracle Apache Modules,Oracle,10.x
Apache Tomcat 8.0 Portal_Bp_Y_Gtv (Remove Only),The Apache Software Foundation,8.x
Apache Tomcat 8.5 Tomcat8_Meta4 (Remove Only),The Apache Software Foundation,8.x
Oracle.Apache.Commons.Collections.Mod (Tl),Oracle,3.x
Oracle.Apache.Commons.Lang.Mod (Tl),Oracle,2.x
Oracle.Org.Apache.Ant.Ant.Bundle (Tl),Oracle,1.x
Oracle.Org.Apache.Commons.Commons.Compress (Tl),Oracle,1.x
Oracle.Org.Apache.Httpcomponents.Httpclient (Tl),Oracle,4.x
Oracle.Org.Apache.Httpcomponents.Httpcore (Tl),Oracle,4.x
Apache Jmeter,Apache Software Foundation,2.x
Shared.Tp.Aurora.Apache.Axis2-4.0-Core-Nu,SAP BusinessObjects,14.x
Shared.Tp.Aurora.Apache.Axis2.Bundle-4.0-Core-Nu,SAP BusinessObjects,14.x
Shared.Tp.Aurora.Apache.Httpcomponents.Httpclient-4.0-Core-Nu,SAP BusinessObjects,14.x
Shared.Tp.Aurora.Apache.Httpcomponents.Httpcore-4.0-Core-Nu,SAP BusinessObjects,14.x
Shared.Tp.Aurora.Apache.Poi.Java-4.0-Core-Nu,SAP BusinessObjects,14.x
Shared.Tp.Aurora.Apache.Rampart-4.0-Core-Nu,SAP BusinessObjects,14.x
Tp.Apache.Abdera.Boeclient-1.1.2-Core-Nu,SAP BusinessObjects,14.x
Tp.Apache.Abdera.Bundle.Biprs-1.1.2-Core-Nu,SAP BusinessObjects,14.x
Tp.Apache.Abdera.License-1.1.2-Core-Nu,SAP BusinessObjects,14.x
Tp.Apache.Ant-1.7.0-Core-Nu,SAP BusinessObjects,14.x
Tp.Apache.Commons.Java-3.1-Core-Nu,SAP BusinessObjects,14.x
Tp.Apache.Commons.Java.Boe-3.1-Core-Nu,SAP BusinessObjects,14.x
Tp.Apache.Commons.Java.Classes-3.1-Core-Nu,SAP BusinessObjects,14.x
Tp.Apache.Cxf.Boeclient-2.3.8-Core-Nu,SAP BusinessObjects,14.x
Tp.Apache.Cxf.Bundle.Biprs-2.3.8-Core-Nu,SAP BusinessObjects,14.x
Tp.Apache.Cxf.License-2.3.8-Core-Nu,SAP BusinessObjects,14.x
Tp.Apache.Derby-10.2.2.0-Core-Nu,SAP BusinessObjects,14.x
Tp.Apache.Derby.Boe-10.2.2.0-Core-Nu,SAP BusinessObjects,14.x
Tp.Apache.Derby.Classes-10.2.2.0-Core-Nu,SAP BusinessObjects,14.x
Tp.Apache.Guice-1.0-Core-Nu,SAP BusinessObjects,14.x
Tp.Apache.Log4J-1.2.6_Sap.1-Core-Nu,SAP BusinessObjects,14.x
Tp.Apache.Log4J.Boe-1.2.6_Sap.1-Core-Nu,SAP BusinessObjects,14.x
Tp.Apache.Log4J.Bundle-1.2.6_Sap.1-Core-Nu,SAP BusinessObjects,14.x
Tp.Apache.Log4J.Classes-1.2.6_Sap.1-Core-Nu,SAP BusinessObjects,14.x
Tp.Apache.Log4J.Nteventlogappender-1.2.6_Sap.1-Core-,SAP BusinessObjects,14.x
Tp.Apache.Log4Net-1.2.10-Core-,SAP BusinessObjects,14.x
Tp.Apache.Xalan.Cpp-1.10.0-Core-,SAP BusinessObjects,14.x
Tp.Apache.Xalan.Java-2.5.2-Core-Nu,SAP BusinessObjects,14.x
Tp.Apache.Xalan.Java.Boe-2.5.2-Core-Nu,SAP BusinessObjects,14.x
Tp.Apache.Xalan.Java.Classes-2.5.2-Core-Nu,SAP BusinessObjects,14.x
Tp.Apache.Xbean-2.1.0-Core-Nu,SAP BusinessObjects,14.x
Tp.Apache.Xerces.Cpp-2.1.0-Core-,SAP BusinessObjects,14.x
Tp.Apache.Xerces.Cpp-2.7.0-Core-,SAP BusinessObjects,14.x
Tp.Apache.Xerces.Java-2.6.2-Core-Nu,SAP BusinessObjects,14.x
Tp.Apache.Xerces.Java-2.9.1-Core-Nu,SAP BusinessObjects,14.x
Tp.Apache.Xerces.Java.Boe-2.6.2-Core-Nu,SAP BusinessObjects,14.x
Tp.Apache.Xerces.Java.Classes-2.6.2-Core-Nu,SAP BusinessObjects,14.x
Apache Http Server,Apache Software Foundation,2.x
Apache Http Server 1 Os,Apache Software Foundation,1.x
Apache 2 Os,Apache Software Foundation,2.x
Apache Web Server,Oracle,11.x
Apache Common Logging,"Sun Microsystems, Inc.",7.x
Apache Configuration For Oracle Java Server Pages,Oracle,1.x
Apache Configuration For Oracle Xml Developer'S Kit,Oracle,9.x
Apache Jserv,Oracle,1.x
Apache Web Server (Root),"Sun Microsystems, Inc.",11.x
Apache Web Server (Usr),"Sun Microsystems, Inc.",11.x
Apache Web Server Documentation,"Sun Microsystems, Inc.",11.x
Apache Web Server Files,Oracle,1.x
"Internet Printing Protocol(Ipp) Listener, (Root)","Sun Microsystems, Inc.",13.x
Apache Module For Oracle Distributed Authoring And Versioning,Oracle,10.x
Apache-Prefork 2 Os,Apache Software Foundation,2.x
Apache2 2 Os,Apache Software Foundation,2.x
Apache-Utils  Os,Freeware,2.x
Apr,"Red Hat, Inc.",1.x
Apr-Util,"Red Hat, Inc.",1.x
Mod_Ssl,"Red Hat, Inc.",2.x
Apache Http Server 2Os,Apache Software Foundation,2.x
Apache2-Prefork,"SUSE LINUX Products GmbH, Nuernberg, Germany",2.x
Apache2-Utils,"SUSE LINUX Products GmbH, Nuernberg, Germany",2.x
Libapr-Util,"SUSE LINUX Products GmbH, Nuernberg, Germany",1.x
Libapr,"SUSE LINUX Products GmbH, Nuernberg, Germany",1.x
Apache Ant,Oracle,11.x
Apache Standard C++ Library,Oracle,11.x
Apache Standard C++ Library 11 Os,Apache Software Foundation,11.x
Apache Ant,Apache Software Foundation,1.x
Apache,The Apache Group,2.x
Apache Common Logging,"Sun Microsystems, Inc.",8.x
Internet Printing Protocol(Ipp) Listener Module (/Usr),"Sun Microsystems, Inc.",13.x
Apache_Reverse_Proxy,HP,1.x
Httpdebuggerpro,HttpDebugger.com,8.x
Mod_Dav_Svn,"Red Hat, Inc.",1.x
Mod_Auth_Mellon,"Red Hat, Inc.",0.x
Httpd-Devel,"Red Hat, Inc.",2.x
Httpd,"Red Hat, Inc.",2.x
Httpd-Tools,"Red Hat, Inc.",2.x
Httpd-Tools 2 Os,Apache Software Foundation,2.x
Httpd 2 Os,Apache Software Foundation,2.x
Opswnginx,Hewlett-Packard,60.x
Microsoft Asp.Net Core Module For Iis,Microsoft,12.x
Microsoft Asp.Net Core Module V2 For Iis Express,Microsoft,13.x
Microsoft Asp.Net Core Module For Iis Express,Microsoft,12.x
Application Initialization For Iis,Microsoft,7.x
Setup.Engine.Iis7-4.0-Core-,SAP BusinessObjects,14.x
Iis 10.0 Express,Microsoft,10.x
Iis State,Microsoft,3.x
Iis Tinyget,Microsoft,5.x
Iis Configuration,Matrikon Inc.,3.x
Microsoft External Cache Version 1 For Iis,Microsoft,1.x
Microsoft Web Farm Framework Version 1 For Iis,Microsoft,1.x
Microsoft Application Request Routing For Iis,Microsoft,2.x
Microsoft External Cache For Iis 7,Microsoft,1.x
Microsoft Web Farm Framework For Iis,Microsoft,1.x
Iis 8.0 Express,Microsoft,8.x
Iis Advanced Logging,Microsoft,1.x
Rsa Authentication Agent For Web For Iis,RSA Security Inc.,7.x
Arr Helper For Iis,Microsoft,1.x
Application Initialization 1.0 For Iis,Microsoft,7.x
Netiq Appmanager For Microsoft Internet Information Services (Iis),"NetIQ Corporation, Inc.",
Iis 6.0 Resource Kit Tools,Microsoft,6.x
Iis Url Rewrite Module,Microsoft,7.x
Internet Information Server 10.0 Express,Microsoft,10.x
Internet Information Server 8.0 Express,Microsoft,8.x
Internet Information Server,Microsoft,8.x
Internet Information Server,Microsoft,7.x
Oracle Iplanet Web Server,Oracle,7.x
